NGAY;BO_SO;SO1;SO2;SO3;SO4;SO5;SO6
24/12/2023;01 02 05 24 40 43;1;2;5;24;40;43
22/12/2023;02 12 14 16 34 38;2;12;14;16;34;38
20/12/2023;05 15 16 21 22 32;5;15;16;21;22;32
17/12/2023;03 07 18 20 31 33;3;7;18;20;31;33
15/12/2023;01 05 10 11 20 40;1;5;10;11;20;40
13/12/2023;03 07 11 20 28 44;3;7;11;20;28;44
10/12/2023;09 10 11 17 41 44;9;10;11;17;41;44
08/12/2023;11 15 16 17 42 43;11;15;16;17;42;43
06/12/2023;18 19 20 29 41 42;18;19;20;29;41;42
03/12/2023;12 14 16 21 29 32;12;14;16;21;29;32
01/12/2023;05 10 14 21 27 32;5;10;14;21;27;32
29/11/2023;09 22 24 32 38 39;9;22;24;32;38;39
26/11/2023;04 06 15 23 25 36;4;6;15;23;25;36
24/11/2023;05 18 22 34 41 45;5;18;22;34;41;45
22/11/2023;15 18 20 23 37 39;15;18;20;23;37;39
19/11/2023;01 03 19 20 26 34;1;3;19;20;26;34
17/11/2023;16 20 25 26 36 41;16;20;25;26;36;41
15/11/2023;02 03 12 16 30 37;2;3;12;16;30;37
12/11/2023;02 04 10 15 27 31;2;4;10;15;27;31
10/11/2023;01 04 10 13 14 44;1;4;10;13;14;44
08/11/2023;07 20 23 27 31 33;7;20;23;27;31;33
05/11/2023;01 13 16 18 23 25;1;13;16;18;23;25
03/11/2023;02 07 09 13 22 38;2;7;9;13;22;38
01/11/2023;01 03 15 16 23 28;1;3;15;16;23;28
29/10/2023;05 07 15 21 32 45;5;7;15;21;32;45
27/10/2023;07 10 14 21 26 37;7;10;14;21;26;37
25/10/2023;04 06 13 25 31 41;4;6;13;25;31;41
22/10/2023;10 13 14 19 35 40;10;13;14;19;35;40
20/10/2023;04 16 21 24 26 37;4;16;21;24;26;37
18/10/2023;02 07 18 20 24 29;2;7;18;20;24;29
15/10/2023;04 05 09 27 34 39;4;5;9;27;34;39
13/10/2023;01 11 16 39 40 45;1;11;16;39;40;45
11/10/2023;05 10 30 40 44 45;5;10;30;40;44;45
08/10/2023;04 16 22 28 33 39;4;16;22;28;33;39
06/10/2023;18 19 24 28 33 40;18;19;24;28;33;40
04/10/2023;07 17 21 32 40 45;7;17;21;32;40;45
01/10/2023;02 11 13 16 41 43;2;11;13;16;41;43
29/09/2023;02 08 24 27 30 43;2;8;24;27;30;43
27/09/2023;03 12 22 30 37 39;3;12;22;30;37;39
24/09/2023;04 08 23 27 30 36;4;8;23;27;30;36
22/09/2023;02 16 17 18 20 23;2;16;17;18;20;23
20/09/2023;03 06 20 39 40 41;3;6;20;39;40;41
17/09/2023;06 10 15 36 39 43;6;10;15;36;39;43
15/09/2023;02 03 05 07 10 38;2;3;5;7;10;38
13/09/2023;02 04 07 09 12 13;2;4;7;9;12;13
10/09/2023;04 05 10 18 27 40;4;5;10;18;27;40
08/09/2023;06 08 14 29 39 42;6;8;14;29;39;42
06/09/2023;03 04 12 18 19 29;3;4;12;18;19;29
03/09/2023;01 33 38 39 44 45;1;33;38;39;44;45
01/09/2023;09 14 16 19 28 41;9;14;16;19;28;41
30/08/2023;13 17 20 28 30 33;13;17;20;28;30;33
27/08/2023;24 27 30 37 44 45;24;27;30;37;44;45
25/08/2023;08 18 30 32 38 45;8;18;30;32;38;45
23/08/2023;05 14 18 19 29 31;5;14;18;19;29;31
20/08/2023;07 08 22 23 30 42;7;8;22;23;30;42
18/08/2023;12 19 21 22 34 38;12;19;21;22;34;38
16/08/2023;05 07 25 31 39 41;5;7;25;31;39;41
13/08/2023;09 15 23 33 35 40;9;15;23;33;35;40
11/08/2023;16 21 26 29 30 45;16;21;26;29;30;45
09/08/2023;18 22 30 31 39 41;18;22;30;31;39;41
06/08/2023;04 15 19 25 30 38;4;15;19;25;30;38
04/08/2023;02 12 22 38 41 44;2;12;22;38;41;44
02/08/2023;04 21 27 38 39 44;4;21;27;38;39;44
30/07/2023;03 17 23 33 42 45;3;17;23;33;42;45
28/07/2023;07 27 28 30 31 35;7;27;28;30;31;35
26/07/2023;04 13 18 21 29 37;4;13;18;21;29;37
23/07/2023;14 17 23 32 33 43;14;17;23;32;33;43
21/07/2023;09 20 31 33 36 45;9;20;31;33;36;45
19/07/2023;06 10 19 37 43 45;6;10;19;37;43;45
16/07/2023;01 07 16 18 21 29;1;7;16;18;21;29
14/07/2023;04 05 13 19 27 37;4;5;13;19;27;37
12/07/2023;19 24 27 31 33 43;19;24;27;31;33;43
09/07/2023;14 16 27 28 33 41;14;16;27;28;33;41
07/07/2023;05 09 12 20 37 42;5;9;12;20;37;42
05/07/2023;01 12 24 27 36 44;1;12;24;27;36;44
02/07/2023;03 05 08 17 37 41;3;5;8;17;37;41
30/06/2023;02 05 20 23 31 38;2;5;20;23;31;38
28/06/2023;04 08 24 31 42 45;4;8;24;31;42;45
25/06/2023;04 06 07 25 26 30;4;6;7;25;26;30
23/06/2023;10 14 15 20 24 45;10;14;15;20;24;45
21/06/2023;07 13 19 35 37 38;7;13;19;35;37;38
18/06/2023;03 04 08 18 21 33;3;4;8;18;21;33
16/06/2023;24 26 32 37 38 41;24;26;32;37;38;41
14/06/2023;02 28 31 37 41 44;2;28;31;37;41;44
11/06/2023;05 18 22 40 41 44;5;18;22;40;41;44
09/06/2023;15 16 23 25 40 41;15;16;23;25;40;41
07/06/2023;01 07 14 16 34 44;1;7;14;16;34;44
04/06/2023;03 15 19 35 36 43;3;15;19;35;36;43
02/06/2023;03 11 14 19 21 43;3;11;14;19;21;43
31/05/2023;04 09 10 22 41 44;4;9;10;22;41;44
28/05/2023;06 13 19 20 37 44;6;13;19;20;37;44
26/05/2023;08 10 19 25 35 44;8;10;19;25;35;44
24/05/2023;09 11 15 28 33 44;9;11;15;28;33;44
21/05/2023;08 10 17 19 24 41;8;10;17;19;24;41
19/05/2023;03 09 10 27 35 38;3;9;10;27;35;38
17/05/2023;02 06 13 20 28 44;2;6;13;20;28;44
14/05/2023;07 08 13 37 42 44;7;8;13;37;42;44
12/05/2023;02 06 08 09 15 27;2;6;8;9;15;27
10/05/2023;07 08 09 13 15 27;7;8;9;13;15;27
07/05/2023;04 30 31 33 35 45;4;30;31;33;35;45
05/05/2023;22 28 31 35 36 38;22;28;31;35;36;38
03/05/2023;18 23 28 29 39 44;18;23;28;29;39;44
30/04/2023;07 09 23 24 33 36;7;9;23;24;33;36
28/04/2023;05 11 25 33 42 44;5;11;25;33;42;44
26/04/2023;01 04 07 09 34 37;1;4;7;9;34;37
23/04/2023;01 02 22 30 37 42;1;2;22;30;37;42
21/04/2023;02 04 07 10 20 44;2;4;7;10;20;44
19/04/2023;10 27 37 40 42 43;10;27;37;40;42;43
16/04/2023;08 17 20 25 33 36;8;17;20;25;33;36
14/04/2023;08 16 23 27 32 41;8;16;23;27;32;41
12/04/2023;04 07 27 28 32 43;4;7;27;28;32;43
09/04/2023;12 15 25 30 34 39;12;15;25;30;34;39
07/04/2023;09 14 22 29 39 41;9;14;22;29;39;41
05/04/2023;04 08 12 15 19 43;4;8;12;15;19;43
02/04/2023;02 24 36 38 42 43;2;24;36;38;42;43
31/03/2023;01 09 10 15 30 42;1;9;10;15;30;42
29/03/2023;03 06 12 28 29 43;3;6;12;28;29;43
26/03/2023;06 16 18 25 34 45;6;16;18;25;34;45
24/03/2023;06 14 15 18 24 41;6;14;15;18;24;41
22/03/2023;05 08 10 15 17 41;5;8;10;15;17;41
19/03/2023;02 07 10 21 28 35;2;7;10;21;28;35
17/03/2023;05 07 12 22 26 33;5;7;12;22;26;33
15/03/2023;11 19 23 28 34 35;11;19;23;28;34;35
12/03/2023;10 28 29 31 33 37;10;28;29;31;33;37
10/03/2023;03 05 13 22 36 44;3;5;13;22;36;44
08/03/2023;10 13 22 25 28 36;10;13;22;25;28;36
05/03/2023;09 11 24 31 36 44;9;11;24;31;36;44
03/03/2023;10 22 26 27 33 43;10;22;26;27;33;43
01/03/2023;13 14 29 33 38 43;13;14;29;33;38;43
26/02/2023;04 09 16 26 28 42;4;9;16;26;28;42
24/02/2023;01 10 16 22 35 44;1;10;16;22;35;44
22/02/2023;08 16 22 23 28 38;8;16;22;23;28;38
19/02/2023;02 20 22 28 29 38;2;20;22;28;29;38
17/02/2023;01 05 10 13 23 25;1;5;10;13;23;25
15/02/2023;01 02 08 20 24 31;1;2;8;20;24;31
12/02/2023;03 05 11 23 24 42;3;5;11;23;24;42
10/02/2023;01 11 23 27 33 39;1;11;23;27;33;39
08/02/2023;06 18 20 22 26 34;6;18;20;22;26;34
05/02/2023;13 15 23 29 31 34;13;15;23;29;31;34
03/02/2023;04 11 16 30 33 43;4;11;16;30;33;43
01/02/2023;16 21 27 29 34 44;16;21;27;29;34;44
29/01/2023;05 21 26 27 32 33;5;21;26;27;32;33
27/01/2023;10 13 21 29 41 43;10;13;21;29;41;43
25/01/2023;12 14 18 22 28 31;12;14;18;22;28;31
20/01/2023;03 07 13 29 32 44;3;7;13;29;32;44
15/01/2023;08 09 15 21 26 45;8;9;15;21;26;45
13/01/2023;03 11 14 20 26 42;3;11;14;20;26;42
11/01/2023;01 18 22 33 34 43;1;18;22;33;34;43
08/01/2023;11 29 32 39 40 43;11;29;32;39;40;43
06/01/2023;02 07 16 25 35 38;2;7;16;25;35;38
04/01/2023;03 05 07 37 39 42;3;5;7;37;39;42
01/01/2023;16 20 26 30 32 40;16;20;26;30;32;40
30/12/2022;03 24 31 35 39 42;3;24;31;35;39;42
28/12/2022;04 05 10 21 33 37;4;5;10;21;33;37
25/12/2022;15 17 21 28 37 43;15;17;21;28;37;43
23/12/2022;02 14 21 22 35 43;2;14;21;22;35;43
21/12/2022;08 12 20 26 35 37;8;12;20;26;35;37
18/12/2022;02 12 13 33 36 42;2;12;13;33;36;42
16/12/2022;06 19 22 26 38 39;6;19;22;26;38;39
14/12/2022;13 29 35 37 38 41;13;29;35;37;38;41
11/12/2022;09 11 16 17 22 33;9;11;16;17;22;33
09/12/2022;04 23 25 30 40 41;4;23;25;30;40;41
07/12/2022;08 11 19 24 26 42;8;11;19;24;26;42
04/12/2022;04 05 07 09 27 39;4;5;7;9;27;39
02/12/2022;02 18 21 24 38 44;2;18;21;24;38;44
30/11/2022;07 15 20 25 32 37;7;15;20;25;32;37
27/11/2022;01 26 27 35 36 43;1;26;27;35;36;43
25/11/2022;14 20 24 30 35 41;14;20;24;30;35;41
23/11/2022;04 13 15 20 37 38;4;13;15;20;37;38
20/11/2022;01 04 14 22 24 40;1;4;14;22;24;40
18/11/2022;15 16 22 25 29 33;15;16;22;25;29;33
16/11/2022;02 03 12 32 35 44;2;3;12;32;35;44
13/11/2022;03 04 27 32 40 43;3;4;27;32;40;43
11/11/2022;02 03 09 15 17 43;2;3;9;15;17;43
09/11/2022;07 09 16 20 30 32;7;9;16;20;30;32
06/11/2022;08 10 12 14 17 31;8;10;12;14;17;31
04/11/2022;09 13 16 24 33 45;9;13;16;24;33;45
02/11/2022;02 17 23 27 37 42;2;17;23;27;37;42
30/10/2022;15 27 31 36 38 41;15;27;31;36;38;41
28/10/2022;16 21 22 33 42 45;16;21;22;33;42;45
26/10/2022;02 03 10 15 31 36;2;3;10;15;31;36
23/10/2022;02 11 18 33 36 45;2;11;18;33;36;45
21/10/2022;10 16 17 18 34 42;10;16;17;18;34;42
19/10/2022;01 03 07 10 21 29;1;3;7;10;21;29
16/10/2022;02 05 19 26 38 40;2;5;19;26;38;40
14/10/2022;01 06 22 25 30 34;1;6;22;25;30;34
12/10/2022;01 07 13 16 27 35;1;7;13;16;27;35
09/10/2022;13 15 20 25 35 43;13;15;20;25;35;43
07/10/2022;18 20 29 34 36 38;18;20;29;34;36;38
05/10/2022;09 18 23 24 29 34;9;18;23;24;29;34
02/10/2022;03 17 28 30 31 32;3;17;28;30;31;32
30/09/2022;04 11 19 20 35 41;4;11;19;20;35;41
28/09/2022;04 05 07 24 27 30;4;5;7;24;27;30
25/09/2022;03 05 08 31 33 34;3;5;8;31;33;34
23/09/2022;01 12 21 28 30 44;1;12;21;28;30;44
21/09/2022;05 10 14 25 42 45;5;10;14;25;42;45
18/09/2022;03 05 10 17 25 29;3;5;10;17;25;29
16/09/2022;02 26 35 41 42 43;2;26;35;41;42;43
14/09/2022;03 12 15 20 24 45;3;12;15;20;24;45
11/09/2022;04 15 20 31 43 44;4;15;20;31;43;44
09/09/2022;04 06 13 14 28 39;4;6;13;14;28;39
07/09/2022;08 09 10 20 35 38;8;9;10;20;35;38
04/09/2022;05 17 19 27 35 39;5;17;19;27;35;39
02/09/2022;02 03 14 21 31 33;2;3;14;21;31;33
31/08/2022;04 10 28 29 31 34;4;10;28;29;31;34
28/08/2022;08 16 31 37 39 41;8;16;31;37;39;41
26/08/2022;03 30 31 32 36 45;3;30;31;32;36;45
24/08/2022;12 20 21 23 27 34;12;20;21;23;27;34
21/08/2022;05 19 21 23 28 36;5;19;21;23;28;36
19/08/2022;25 26 33 39 41 43;25;26;33;39;41;43
17/08/2022;23 29 35 37 39 45;23;29;35;37;39;45
14/08/2022;09 13 21 24 34 35;9;13;21;24;34;35
12/08/2022;05 07 16 20 36 41;5;7;16;20;36;41
10/08/2022;04 08 10 15 26 31;4;8;10;15;26;31
07/08/2022;06 09 10 13 24 27;6;9;10;13;24;27
05/08/2022;10 13 14 32 37 42;10;13;14;32;37;42
03/08/2022;05 14 30 36 38 42;5;14;30;36;38;42
31/07/2022;03 08 15 16 40 42;3;8;15;16;40;42
29/07/2022;05 07 11 20 31 37;5;7;11;20;31;37
27/07/2022;09 15 18 22 32 41;9;15;18;22;32;41
24/07/2022;04 11 17 29 30 44;4;11;17;29;30;44
22/07/2022;04 10 18 22 31 37;4;10;18;22;31;37
20/07/2022;05 06 20 22 26 39;5;6;20;22;26;39
17/07/2022;07 13 20 23 27 29;7;13;20;23;27;29
15/07/2022;04 30 35 39 42 43;4;30;35;39;42;43
13/07/2022;04 09 21 28 35 37;4;9;21;28;35;37
10/07/2022;12 23 29 36 37 41;12;23;29;36;37;41
08/07/2022;06 07 12 18 21 43;6;7;12;18;21;43
06/07/2022;04 12 14 15 41 42;4;12;14;15;41;42
03/07/2022;08 14 17 20 21 40;8;14;17;20;21;40
01/07/2022;17 26 30 31 33 39;17;26;30;31;33;39
29/06/2022;01 19 20 27 30 32;1;19;20;27;30;32
26/06/2022;03 07 08 18 27 36;3;7;8;18;27;36
24/06/2022;07 16 18 32 34 44;7;16;18;32;34;44
22/06/2022;03 20 23 30 33 35;3;20;23;30;33;35
19/06/2022;01 24 25 31 39 40;1;24;25;31;39;40
17/06/2022;05 08 26 29 35 44;5;8;26;29;35;44
15/06/2022;01 06 12 20 36 39;1;6;12;20;36;39
12/06/2022;06 14 19 22 40 42;6;14;19;22;40;42
10/06/2022;10 23 25 26 30 41;10;23;25;26;30;41
08/06/2022;02 10 13 15 22 36;2;10;13;15;22;36
05/06/2022;06 08 21 28 30 35;6;8;21;28;30;35
03/06/2022;05 08 34 38 39 41;5;8;34;38;39;41
01/06/2022;06 10 21 23 28 39;6;10;21;23;28;39
29/05/2022;02 06 19 24 30 42;2;6;19;24;30;42
27/05/2022;16 21 23 27 35 41;16;21;23;27;35;41
25/05/2022;19 26 27 39 44 45;19;26;27;39;44;45
22/05/2022;01 07 10 24 33 40;1;7;10;24;33;40
20/05/2022;12 17 34 39 44 45;12;17;34;39;44;45
18/05/2022;03 17 23 37 40 42;3;17;23;37;40;42
15/05/2022;05 20 21 31 34 37;5;20;21;31;34;37
13/05/2022;07 08 18 29 41 44;7;8;18;29;41;44
11/05/2022;02 06 07 18 34 41;2;6;7;18;34;41
08/05/2022;04 12 20 25 35 37;4;12;20;25;35;37
06/05/2022;01 03 15 16 34 43;1;3;15;16;34;43
04/05/2022;01 04 23 28 33 38;1;4;23;28;33;38
01/05/2022;08 21 26 35 37 42;8;21;26;35;37;42
29/04/2022;05 12 16 25 26 32;5;12;16;25;26;32
27/04/2022;03 09 14 17 27 32;3;9;14;17;27;32
24/04/2022;09 12 23 30 32 40;9;12;23;30;32;40
22/04/2022;11 13 15 18 24 36;11;13;15;18;24;36
20/04/2022;01 08 17 21 27 37;1;8;17;21;27;37
17/04/2022;05 13 15 28 38 40;5;13;15;28;38;40
15/04/2022;09 18 21 25 35 44;9;18;21;25;35;44
13/04/2022;01 07 20 25 40 41;1;7;20;25;40;41
10/04/2022;04 17 28 30 38 42;4;17;28;30;38;42
08/04/2022;02 13 16 19 20 36;2;13;16;19;20;36
06/04/2022;13 17 19 25 32 45;13;17;19;25;32;45
03/04/2022;05 11 20 26 40 43;5;11;20;26;40;43
01/04/2022;02 19 25 32 41 44;2;19;25;32;41;44
30/03/2022;01 12 26 28 39 45;1;12;26;28;39;45
27/03/2022;08 17 21 39 44 45;8;17;21;39;44;45
25/03/2022;01 12 13 27 29 35;1;12;13;27;29;35
23/03/2022;02 09 37 38 40 43;2;9;37;38;40;43
20/03/2022;01 09 10 12 22 44;1;9;10;12;22;44
18/03/2022;06 10 15 29 41 42;6;10;15;29;41;42
16/03/2022;10 11 14 24 31 45;10;11;14;24;31;45
13/03/2022;01 05 19 20 23 38;1;5;19;20;23;38
11/03/2022;06 20 23 29 34 45;6;20;23;29;34;45
09/03/2022;03 15 35 39 40 43;3;15;35;39;40;43
06/03/2022;11 16 21 33 34 42;11;16;21;33;34;42
04/03/2022;03 19 21 24 27 38;3;19;21;24;27;38
02/03/2022;07 10 13 20 21 34;7;10;13;20;21;34
27/02/2022;10 20 25 27 38 45;10;20;25;27;38;45
25/02/2022;10 13 30 33 39 41;10;13;30;33;39;41
23/02/2022;02 16 18 19 24 29;2;16;18;19;24;29
20/02/2022;04 06 16 30 43 44;4;6;16;30;43;44
18/02/2022;03 14 20 26 28 36;3;14;20;26;28;36
16/02/2022;02 05 08 16 22 42;2;5;8;16;22;42
13/02/2022;14 21 22 24 28 45;14;21;22;24;28;45
11/02/2022;10 11 19 38 41 44;10;11;19;38;41;44
09/02/2022;03 20 27 37 44 45;3;20;27;37;44;45
06/02/2022;05 09 21 24 34 39;5;9;21;24;34;39
04/02/2022;11 16 18 38 40 43;11;16;18;38;40;43
02/02/2022;05 06 14 20 31 38;5;6;14;20;31;38
30/01/2022;01 07 22 26 28 41;1;7;22;26;28;41
28/01/2022;04 06 12 26 27 39;4;6;12;26;27;39
26/01/2022;05 11 15 18 27 43;5;11;15;18;27;43
23/01/2022;13 20 24 32 34 40;13;20;24;32;34;40
21/01/2022;01 13 17 24 27 42;1;13;17;24;27;42
19/01/2022;14 21 25 34 37 39;14;21;25;34;37;39
16/01/2022;01 03 04 05 32 33;1;3;4;5;32;33
14/01/2022;05 14 27 30 38 45;5;14;27;30;38;45
12/01/2022;03 06 13 15 36 44;3;6;13;15;36;44
09/01/2022;06 07 11 22 35 41;6;7;11;22;35;41
07/01/2022;10 13 24 28 38 44;10;13;24;28;38;44
05/01/2022;01 03 08 09 35 40;1;3;8;9;35;40
02/01/2022;11 17 30 36 41 45;11;17;30;36;41;45
31/12/2021;02 05 12 33 41 45;2;5;12;33;41;45
29/12/2021;05 27 33 34 38 40;5;27;33;34;38;40
26/12/2021;04 11 16 24 35 44;4;11;16;24;35;44
24/12/2021;03 17 25 26 36 38;3;17;25;26;36;38
22/12/2021;08 16 17 23 28 38;8;16;17;23;28;38
19/12/2021;12 15 24 30 36 45;12;15;24;30;36;45
17/12/2021;08 15 16 21 25 33;8;15;16;21;25;33
15/12/2021;03 18 29 30 39 41;3;18;29;30;39;41
12/12/2021;16 21 29 40 41 43;16;21;29;40;41;43
10/12/2021;01 04 17 19 24 42;1;4;17;19;24;42
08/12/2021;02 03 16 19 22 34;2;3;16;19;22;34
05/12/2021;03 05 06 31 34 35;3;5;6;31;34;35
03/12/2021;10 14 29 37 38 40;10;14;29;37;38;40
01/12/2021;08 09 30 31 38 45;8;9;30;31;38;45
28/11/2021;13 17 26 27 31 37;13;17;26;27;31;37
26/11/2021;04 18 25 29 32 34;4;18;25;29;32;34
24/11/2021;02 10 18 23 34 36;2;10;18;23;34;36
21/11/2021;01 12 29 40 44 45;1;12;29;40;44;45
19/11/2021;09 10 26 28 39 43;9;10;26;28;39;43
17/11/2021;04 15 25 26 32 35;4;15;25;26;32;35
14/11/2021;03 05 18 28 42 43;3;5;18;28;42;43
12/11/2021;11 14 18 24 35 37;11;14;18;24;35;37
10/11/2021;17 18 19 20 27 44;17;18;19;20;27;44
07/11/2021;05 20 24 25 35 36;5;20;24;25;35;36
05/11/2021;10 16 36 40 41 42;10;16;36;40;41;42
03/11/2021;03 13 15 23 24 44;3;13;15;23;24;44
31/10/2021;09 14 17 18 36 41;9;14;17;18;36;41
29/10/2021;17 19 22 31 32 34;17;19;22;31;32;34
27/10/2021;13 17 26 29 33 39;13;17;26;29;33;39
24/10/2021;06 29 31 32 39 44;6;29;31;32;39;44
22/10/2021;03 05 06 09 28 43;3;5;6;9;28;43
20/10/2021;05 09 33 40 41 45;5;9;33;40;41;45
17/10/2021;04 12 21 22 27 40;4;12;21;22;27;40
15/10/2021;05 13 17 20 29 45;5;13;17;20;29;45
13/10/2021;20 34 37 39 41 42;20;34;37;39;41;42
10/10/2021;03 25 26 29 40 42;3;25;26;29;40;42
08/10/2021;04 13 18 23 33 43;4;13;18;23;33;43
06/10/2021;09 11 15 20 32 36;9;11;15;20;32;36
03/10/2021;06 12 28 30 39 42;6;12;28;30;39;42
01/10/2021;11 15 17 27 28 45;11;15;17;27;28;45
29/09/2021;06 15 16 27 36 42;6;15;16;27;36;42
26/09/2021;13 27 34 35 36 41;13;27;34;35;36;41
24/09/2021;01 04 07 14 16 41;1;4;7;14;16;41
22/09/2021;05 10 19 22 36 45;5;10;19;22;36;45
19/09/2021;06 24 28 31 36 43;6;24;28;31;36;43
17/09/2021;06 10 15 37 39 44;6;10;15;37;39;44
15/09/2021;11 14 17 24 29 35;11;14;17;24;29;35
12/09/2021;04 08 21 29 33 45;4;8;21;29;33;45
10/09/2021;10 16 22 36 43 44;10;16;22;36;43;44
08/09/2021;04 18 28 32 36 40;4;18;28;32;36;40
05/09/2021;15 18 25 27 29 34;15;18;25;27;29;34
03/09/2021;06 11 18 23 32 44;6;11;18;23;32;44
01/09/2021;06 13 33 34 40 45;6;13;33;34;40;45
29/08/2021;01 18 21 25 27 35;1;18;21;25;27;35
27/08/2021;04 10 11 15 24 37;4;10;11;15;24;37
25/08/2021;01 03 05 17 22 33;1;3;5;17;22;33
22/08/2021;06 07 18 25 40 43;6;7;18;25;40;43
20/08/2021;04 08 17 27 32 36;4;8;17;27;32;36
18/08/2021;10 16 19 27 28 36;10;16;19;27;28;36
23/07/2021;19 26 31 33 41 42;19;26;31;33;41;42
21/07/2021;08 10 12 29 34 37;8;10;12;29;34;37
18/07/2021;03 08 19 21 25 36;3;8;19;21;25;36
16/07/2021;01 09 18 26 41 45;1;9;18;26;41;45
14/07/2021;04 11 22 29 37 43;4;11;22;29;37;43
11/07/2021;02 08 15 17 19 30;2;8;15;17;19;30
09/07/2021;04 09 17 18 28 32;4;9;17;18;28;32
07/07/2021;01 06 13 30 34 43;1;6;13;30;34;43
04/07/2021;03 14 15 21 26 37;3;14;15;21;26;37
02/07/2021;01 14 15 18 32 45;1;14;15;18;32;45
30/06/2021;02 05 06 08 10 32;2;5;6;8;10;32
27/06/2021;05 10 29 37 42 44;5;10;29;37;42;44
25/06/2021;03 05 06 23 24 39;3;5;6;23;24;39
23/06/2021;04 07 20 28 33 41;4;7;20;28;33;41
20/06/2021;10 24 27 42 43 45;10;24;27;42;43;45
18/06/2021;10 11 28 29 40 42;10;11;28;29;40;42
16/06/2021;11 19 24 28 31 39;11;19;24;28;31;39
13/06/2021;03 10 12 13 36 44;3;10;12;13;36;44
11/06/2021;08 12 13 14 32 40;8;12;13;14;32;40
09/06/2021;02 07 18 20 24 36;2;7;18;20;24;36
06/06/2021;05 07 10 13 14 42;5;7;10;13;14;42
04/06/2021;19 24 31 32 35 36;19;24;31;32;35;36
02/06/2021;10 20 22 26 31 42;10;20;22;26;31;42
30/05/2021;07 10 19 30 40 45;7;10;19;30;40;45
28/05/2021;02 15 33 41 44 45;2;15;33;41;44;45
26/05/2021;01 10 22 36 38 45;1;10;22;36;38;45
23/05/2021;11 14 22 26 29 44;11;14;22;26;29;44
21/05/2021;04 28 37 38 40 42;4;28;37;38;40;42
19/05/2021;03 12 23 29 33 34;3;12;23;29;33;34
16/05/2021;13 23 33 37 40 43;13;23;33;37;40;43
14/05/2021;03 11 16 20 24 30;3;11;16;20;24;30
12/05/2021;09 15 22 27 34 42;9;15;22;27;34;42
09/05/2021;01 07 16 24 27 37;1;7;16;24;27;37
07/05/2021;10 20 21 27 33 34;10;20;21;27;33;34
05/05/2021;03 14 20 22 37 44;3;14;20;22;37;44
02/05/2021;07 08 30 35 40 44;7;8;30;35;40;44
30/04/2021;03 04 20 21 36 41;3;4;20;21;36;41
28/04/2021;21 39 40 41 43 45;21;39;40;41;43;45
25/04/2021;08 19 21 28 32 44;8;19;21;28;32;44
23/04/2021;13 16 18 22 34 39;13;16;18;22;34;39
21/04/2021;03 12 19 27 32 35;3;12;19;27;32;35
18/04/2021;07 09 15 23 26 27;7;9;15;23;26;27
16/04/2021;08 09 11 28 30 39;8;9;11;28;30;39
14/04/2021;11 12 16 18 33 35;11;12;16;18;33;35
11/04/2021;03 23 27 32 34 39;3;23;27;32;34;39
09/04/2021;03 04 08 17 19 37;3;4;8;17;19;37
07/04/2021;13 15 19 25 33 34;13;15;19;25;33;34
04/04/2021;05 20 27 30 38 43;5;20;27;30;38;43
02/04/2021;01 05 09 16 42 44;1;5;9;16;42;44
31/03/2021;02 04 06 36 41 42;2;4;6;36;41;42
28/03/2021;23 26 40 41 43 44;23;26;40;41;43;44
26/03/2021;02 11 15 18 23 42;2;11;15;18;23;42
24/03/2021;07 14 23 26 37 39;7;14;23;26;37;39
21/03/2021;08 09 11 31 36 39;8;9;11;31;36;39
19/03/2021;05 06 24 34 36 37;5;6;24;34;36;37
17/03/2021;06 11 26 28 36 41;6;11;26;28;36;41
14/03/2021;01 09 11 32 34 42;1;9;11;32;34;42
12/03/2021;05 11 17 34 38 42;5;11;17;34;38;42
10/03/2021;05 14 15 19 25 33;5;14;15;19;25;33
07/03/2021;04 12 25 28 33 45;4;12;25;28;33;45
05/03/2021;09 11 13 21 27 41;9;11;13;21;27;41
03/03/2021;01 20 28 37 40 44;1;20;28;37;40;44
28/02/2021;04 05 25 28 29 42;4;5;25;28;29;42
26/02/2021;11 13 19 27 37 41;11;13;19;27;37;41
24/02/2021;02 13 19 33 40 43;2;13;19;33;40;43
21/02/2021;06 07 22 24 27 37;6;7;22;24;27;37
19/02/2021;12 19 22 23 34 44;12;19;22;23;34;44
17/02/2021;03 18 21 22 36 44;3;18;21;22;36;44
14/02/2021;03 13 18 21 39 44;3;13;18;21;39;44
10/02/2021;08 13 18 19 21 24;8;13;18;19;21;24
07/02/2021;01 04 07 15 41 42;1;4;7;15;41;42
05/02/2021;02 08 31 32 42 44;2;8;31;32;42;44
03/02/2021;07 09 14 23 35 41;7;9;14;23;35;41
31/01/2021;04 06 07 11 34 41;4;6;7;11;34;41
29/01/2021;06 07 08 29 35 39;6;7;8;29;35;39
27/01/2021;01 07 11 28 41 44;1;7;11;28;41;44
24/01/2021;08 09 23 25 31 32;8;9;23;25;31;32
22/01/2021;01 06 07 20 28 43;1;6;7;20;28;43
20/01/2021;07 20 29 30 40 45;7;20;29;30;40;45
17/01/2021;04 05 32 39 40 42;4;5;32;39;40;42
15/01/2021;04 06 10 13 26 43;4;6;10;13;26;43
13/01/2021;19 20 21 28 33 41;19;20;21;28;33;41
10/01/2021;10 11 22 32 38 43;10;11;22;32;38;43
08/01/2021;08 19 22 25 32 35;8;19;22;25;32;35
06/01/2021;22 27 30 35 40 45;22;27;30;35;40;45
03/01/2021;04 31 34 36 40 43;4;31;34;36;40;43
01/01/2021;10 16 24 26 30 32;10;16;24;26;30;32
30/12/2020;01 13 20 26 35 37;1;13;20;26;35;37
27/12/2020;03 11 17 19 34 39;3;11;17;19;34;39
25/12/2020;06 12 15 22 33 39;6;12;15;22;33;39
23/12/2020;07 11 17 31 35 40;7;11;17;31;35;40
20/12/2020;15 18 28 30 34 44;15;18;28;30;34;44
18/12/2020;04 09 14 23 32 38;4;9;14;23;32;38
16/12/2020;10 11 22 27 36 41;10;11;22;27;36;41
13/12/2020;10 12 20 36 41 44;10;12;20;36;41;44
11/12/2020;23 24 25 35 37 39;23;24;25;35;37;39
09/12/2020;16 24 27 31 36 43;16;24;27;31;36;43
06/12/2020;11 21 24 27 29 37;11;21;24;27;29;37
04/12/2020;03 05 33 37 41 43;3;5;33;37;41;43
02/12/2020;04 05 07 10 25 39;4;5;7;10;25;39
29/11/2020;06 07 14 18 37 43;6;7;14;18;37;43
27/11/2020;01 09 12 13 37 43;1;9;12;13;37;43
25/11/2020;01 05 07 08 25 40;1;5;7;8;25;40
22/11/2020;09 16 17 24 32 40;9;16;17;24;32;40
20/11/2020;02 17 24 29 31 37;2;17;24;29;31;37
18/11/2020;18 19 21 31 39 44;18;19;21;31;39;44
15/11/2020;14 16 21 29 40 41;14;16;21;29;40;41
13/11/2020;08 22 23 33 34 36;8;22;23;33;34;36
11/11/2020;04 10 12 17 20 35;4;10;12;17;20;35
08/11/2020;03 12 14 16 23 33;3;12;14;16;23;33
06/11/2020;19 24 30 32 36 37;19;24;30;32;36;37
04/11/2020;03 08 11 13 26 38;3;8;11;13;26;38
01/11/2020;06 21 27 30 32 44;6;21;27;30;32;44
30/10/2020;04 05 14 18 23 43;4;5;14;18;23;43
28/10/2020;01 04 07 15 35 45;1;4;7;15;35;45
25/10/2020;11 19 30 38 41 45;11;19;30;38;41;45
23/10/2020;05 10 16 23 34 45;5;10;16;23;34;45
21/10/2020;04 11 26 36 38 41;4;11;26;36;38;41
18/10/2020;01 14 25 26 30 40;1;14;25;26;30;40
16/10/2020;04 14 16 23 24 27;4;14;16;23;24;27
14/10/2020;04 07 23 32 43 44;4;7;23;32;43;44
11/10/2020;12 18 28 31 40 45;12;18;28;31;40;45
09/10/2020;15 19 23 30 33 39;15;19;23;30;33;39
07/10/2020;13 15 25 26 28 34;13;15;25;26;28;34
04/10/2020;09 16 19 25 26 39;9;16;19;25;26;39
02/10/2020;09 11 21 31 32 37;9;11;21;31;32;37
30/09/2020;02 05 31 32 42 44;2;5;31;32;42;44
27/09/2020;01 12 26 31 37 38;1;12;26;31;37;38
25/09/2020;14 20 22 35 44 45;14;20;22;35;44;45
23/09/2020;02 08 17 23 30 41;2;8;17;23;30;41
20/09/2020;05 07 09 13 15 16;5;7;9;13;15;16
18/09/2020;10 19 21 23 27 33;10;19;21;23;27;33
16/09/2020;05 20 29 30 38 40;5;20;29;30;38;40
13/09/2020;20 23 28 37 40 44;20;23;28;37;40;44
11/09/2020;04 11 13 16 17 33;4;11;13;16;17;33
09/09/2020;19 21 34 35 36 39;19;21;34;35;36;39
06/09/2020;01 06 19 29 31 44;1;6;19;29;31;44
04/09/2020;07 16 20 30 40 41;7;16;20;30;40;41
02/09/2020;08 10 14 16 18 24;8;10;14;16;18;24
30/08/2020;06 08 18 19 29 33;6;8;18;19;29;33
28/08/2020;10 11 14 23 27 37;10;11;14;23;27;37
26/08/2020;02 18 24 28 35 42;2;18;24;28;35;42
23/08/2020;10 14 19 25 36 39;10;14;19;25;36;39
21/08/2020;07 08 26 30 37 43;7;8;26;30;37;43
19/08/2020;07 20 36 37 43 45;7;20;36;37;43;45
16/08/2020;02 05 06 20 33 39;2;5;6;20;33;39
14/08/2020;09 18 21 24 34 41;9;18;21;24;34;41
12/08/2020;07 21 34 38 43 44;7;21;34;38;43;44
09/08/2020;11 13 14 43 44 45;11;13;14;43;44;45
07/08/2020;17 26 35 40 43 44;17;26;35;40;43;44
05/08/2020;14 18 19 32 33 38;14;18;19;32;33;38
02/08/2020;06 09 12 17 41 42;6;9;12;17;41;42
31/07/2020;04 09 19 29 36 41;4;9;19;29;36;41
29/07/2020;06 14 26 41 42 43;6;14;26;41;42;43
26/07/2020;05 15 21 39 43 45;5;15;21;39;43;45
24/07/2020;04 25 31 35 39 41;4;25;31;35;39;41
22/07/2020;09 13 18 24 26 42;9;13;18;24;26;42
19/07/2020;01 13 14 19 42 45;1;13;14;19;42;45
17/07/2020;04 10 18 20 32 45;4;10;18;20;32;45
15/07/2020;10 11 18 19 20 45;10;11;18;19;20;45
12/07/2020;02 15 21 27 31 35;2;15;21;27;31;35
10/07/2020;18 20 22 33 35 39;18;20;22;33;35;39
08/07/2020;14 15 17 21 31 38;14;15;17;21;31;38
05/07/2020;05 08 10 17 22 31;5;8;10;17;22;31
03/07/2020;04 05 17 18 22 36;4;5;17;18;22;36
01/07/2020;10 13 14 26 32 33;10;13;14;26;32;33
28/06/2020;04 15 24 36 37 41;4;15;24;36;37;41
26/06/2020;09 23 27 30 38 41;9;23;27;30;38;41
24/06/2020;07 17 18 32 39 40;7;17;18;32;39;40
21/06/2020;07 09 13 33 40 44;7;9;13;33;40;44
19/06/2020;04 12 17 19 32 45;4;12;17;19;32;45
17/06/2020;07 16 28 33 34 45;7;16;28;33;34;45
14/06/2020;19 22 24 41 44 45;19;22;24;41;44;45
12/06/2020;05 16 22 27 30 31;5;16;22;27;30;31
10/06/2020;02 11 23 25 26 35;2;11;23;25;26;35
07/06/2020;06 07 11 16 23 44;6;7;11;16;23;44
05/06/2020;10 13 22 28 38 43;10;13;22;28;38;43
03/06/2020;01 15 17 19 40 43;1;15;17;19;40;43
31/05/2020;01 06 13 27 35 40;1;6;13;27;35;40
29/05/2020;04 10 23 26 35 37;4;10;23;26;35;37
27/05/2020;06 15 29 30 37 42;6;15;29;30;37;42
24/05/2020;01 29 30 32 34 35;1;29;30;32;34;35
22/05/2020;03 08 19 28 35 41;3;8;19;28;35;41
20/05/2020;01 08 15 23 25 39;1;8;15;23;25;39
17/05/2020;02 04 21 30 33 37;2;4;21;30;33;37
15/05/2020;03 12 13 28 33 36;3;12;13;28;33;36
13/05/2020;06 20 21 35 40 45;6;20;21;35;40;45
10/05/2020;07 09 23 32 33 37;7;9;23;32;33;37
08/05/2020;01 03 07 12 22 25;1;3;7;12;22;25
06/05/2020;03 18 25 29 30 44;3;18;25;29;30;44
03/05/2020;05 18 29 32 38 44;5;18;29;32;38;44
01/05/2020;06 07 16 37 40 44;6;7;16;37;40;44
29/04/2020;01 08 11 13 15 32;1;8;11;13;15;32
26/04/2020;05 25 30 36 37 41;5;25;30;36;37;41
24/04/2020;10 31 37 39 40 43;10;31;37;39;40;43
29/03/2020;07 10 23 36 39 44;7;10;23;36;39;44
27/03/2020;01 06 10 35 36 45;1;6;10;35;36;45
25/03/2020;26 31 33 37 38 45;26;31;33;37;38;45
22/03/2020;02 10 19 22 24 29;2;10;19;22;24;29
20/03/2020;08 23 29 37 39 44;8;23;29;37;39;44
18/03/2020;06 21 30 37 38 45;6;21;30;37;38;45
15/03/2020;04 07 11 17 19 31;4;7;11;17;19;31
13/03/2020;08 13 20 28 35 45;8;13;20;28;35;45
11/03/2020;12 16 29 35 37 44;12;16;29;35;37;44
08/03/2020;03 13 17 19 21 43;3;13;17;19;21;43
06/03/2020;06 09 10 16 26 42;6;9;10;16;26;42
04/03/2020;01 07 17 24 35 41;1;7;17;24;35;41
01/03/2020;01 06 07 13 26 39;1;6;7;13;26;39
28/02/2020;02 19 23 27 29 38;2;19;23;27;29;38
26/02/2020;02 10 12 20 24 39;2;10;12;20;24;39
23/02/2020;01 06 16 23 34 42;1;6;16;23;34;42
21/02/2020;13 15 22 28 29 41;13;15;22;28;29;41
19/02/2020;01 16 23 25 30 38;1;16;23;25;30;38
16/02/2020;01 04 14 36 37 41;1;4;14;36;37;41
14/02/2020;04 14 24 32 36 43;4;14;24;32;36;43
12/02/2020;05 13 16 20 24 35;5;13;16;20;24;35
09/02/2020;01 04 18 22 26 35;1;4;18;22;26;35
07/02/2020;06 11 15 33 40 44;6;11;15;33;40;44
05/02/2020;09 19 24 37 38 45;9;19;24;37;38;45
02/02/2020;01 04 16 32 35 38;1;4;16;32;35;38
31/01/2020;08 09 20 25 30 40;8;9;20;25;30;40
29/01/2020;03 10 16 24 39 44;3;10;16;24;39;44
26/01/2020;04 05 09 25 33 37;4;5;9;25;33;37
22/01/2020;01 15 16 34 36 42;1;15;16;34;36;42
19/01/2020;01 04 19 25 35 39;1;4;19;25;35;39
17/01/2020;08 26 28 37 40 42;8;26;28;37;40;42
15/01/2020;02 08 19 31 38 44;2;8;19;31;38;44
12/01/2020;07 12 17 21 35 45;7;12;17;21;35;45
10/01/2020;10 18 24 35 41 43;10;18;24;35;41;43
08/01/2020;02 04 10 21 25 43;2;4;10;21;25;43
05/01/2020;05 11 12 26 44 45;5;11;12;26;44;45
03/01/2020;01 15 17 26 32 44;1;15;17;26;32;44
01/01/2020;08 10 23 26 37 38;8;10;23;26;37;38
29/12/2019;07 12 21 24 35 43;7;12;21;24;35;43
27/12/2019;02 07 10 12 33 43;2;7;10;12;33;43
25/12/2019;10 18 25 26 36 43;10;18;25;26;36;43
22/12/2019;09 10 11 18 22 36;9;10;11;18;22;36
20/12/2019;01 09 16 27 38 45;1;9;16;27;38;45
18/12/2019;08 09 12 19 22 25;8;9;12;19;22;25
15/12/2019;03 13 15 16 22 36;3;13;15;16;22;36
13/12/2019;02 08 09 25 26 40;2;8;9;25;26;40
11/12/2019;01 02 08 27 29 39;1;2;8;27;29;39
08/12/2019;12 20 30 31 34 44;12;20;30;31;34;44
06/12/2019;02 20 26 35 43 45;2;20;26;35;43;45
04/12/2019;16 19 24 30 32 35;16;19;24;30;32;35
01/12/2019;03 14 16 27 31 35;3;14;16;27;31;35
29/11/2019;14 15 16 17 19 34;14;15;16;17;19;34
27/11/2019;03 05 13 19 20 33;3;5;13;19;20;33
24/11/2019;05 21 24 28 29 34;5;21;24;28;29;34
22/11/2019;01 09 10 19 30 38;1;9;10;19;30;38
20/11/2019;10 21 22 24 43 44;10;21;22;24;43;44
17/11/2019;06 07 14 31 39 44;6;7;14;31;39;44
15/11/2019;02 13 27 33 40 41;2;13;27;33;40;41
13/11/2019;17 19 24 30 31 40;17;19;24;30;31;40
10/11/2019;04 14 21 28 32 36;4;14;21;28;32;36
08/11/2019;04 16 19 30 32 44;4;16;19;30;32;44
06/11/2019;03 15 22 23 38 43;3;15;22;23;38;43
03/11/2019;28 30 32 38 44 45;28;30;32;38;44;45
01/11/2019;06 11 20 30 37 40;6;11;20;30;37;40
30/10/2019;02 05 08 12 29 38;2;5;8;12;29;38
27/10/2019;01 19 29 30 40 42;1;19;29;30;40;42
25/10/2019;04 07 09 22 32 37;4;7;9;22;32;37
23/10/2019;02 09 21 23 32 41;2;9;21;23;32;41
20/10/2019;01 03 08 15 38 40;1;3;8;15;38;40
18/10/2019;04 14 15 22 28 39;4;14;15;22;28;39
16/10/2019;01 04 23 28 41 42;1;4;23;28;41;42
13/10/2019;06 22 28 31 37 40;6;22;28;31;37;40
11/10/2019;06 12 14 27 28 36;6;12;14;27;28;36
09/10/2019;03 12 21 24 28 32;3;12;21;24;28;32
06/10/2019;01 06 17 30 44 45;1;6;17;30;44;45
04/10/2019;02 09 24 25 30 36;2;9;24;25;30;36
02/10/2019;02 06 07 25 28 41;2;6;7;25;28;41
29/09/2019;02 09 12 18 21 23;2;9;12;18;21;23
27/09/2019;06 09 11 28 37 44;6;9;11;28;37;44
25/09/2019;09 14 22 26 44 45;9;14;22;26;44;45
22/09/2019;03 06 21 36 38 39;3;6;21;36;38;39
20/09/2019;07 12 24 29 31 45;7;12;24;29;31;45
18/09/2019;03 09 13 17 19 20;3;9;13;17;19;20
15/09/2019;08 09 28 33 35 43;8;9;28;33;35;43
13/09/2019;02 15 17 25 30 38;2;15;17;25;30;38
11/09/2019;21 25 29 32 34 35;21;25;29;32;34;35
08/09/2019;06 09 11 26 28 36;6;9;11;26;28;36
06/09/2019;02 04 13 15 26 31;2;4;13;15;26;31
04/09/2019;01 09 11 23 30 37;1;9;11;23;30;37
01/09/2019;05 07 14 16 29 40;5;7;14;16;29;40
30/08/2019;05 06 22 23 25 44;5;6;22;23;25;44
28/08/2019;01 04 12 14 19 30;1;4;12;14;19;30
25/08/2019;07 08 15 20 24 31;7;8;15;20;24;31
23/08/2019;06 07 12 17 19 24;6;7;12;17;19;24
21/08/2019;06 08 17 20 21 31;6;8;17;20;21;31
18/08/2019;02 07 18 21 24 33;2;7;18;21;24;33
16/08/2019;06 14 15 19 31 39;6;14;15;19;31;39
14/08/2019;13 20 22 24 33 34;13;20;22;24;33;34
11/08/2019;01 04 07 09 25 31;1;4;7;9;25;31
09/08/2019;11 19 26 28 30 42;11;19;26;28;30;42
07/08/2019;01 05 13 31 32 43;1;5;13;31;32;43
04/08/2019;06 10 21 30 43 45;6;10;21;30;43;45
02/08/2019;11 18 20 22 25 26;11;18;20;22;25;26
31/07/2019;06 12 15 19 25 45;6;12;15;19;25;45
28/07/2019;05 14 16 24 42 43;5;14;16;24;42;43
26/07/2019;05 14 16 22 25 33;5;14;16;22;25;33
24/07/2019;20 22 25 39 44 45;20;22;25;39;44;45
21/07/2019;07 08 10 24 33 44;7;8;10;24;33;44
19/07/2019;09 12 23 26 28 43;9;12;23;26;28;43
17/07/2019;10 11 16 22 28 35;10;11;16;22;28;35
14/07/2019;02 03 07 25 33 34;2;3;7;25;33;34
12/07/2019;16 18 24 26 40 44;16;18;24;26;40;44
10/07/2019;01 02 06 07 16 27;1;2;6;7;16;27
07/07/2019;02 18 21 23 30 31;2;18;21;23;30;31
05/07/2019;19 21 30 31 37 43;19;21;30;31;37;43
03/07/2019;02 07 25 29 39 45;2;7;25;29;39;45
30/06/2019;05 20 22 25 28 32;5;20;22;25;28;32
28/06/2019;11 25 37 40 41 45;11;25;37;40;41;45
26/06/2019;01 05 09 10 33 41;1;5;9;10;33;41
23/06/2019;03 08 11 27 32 36;3;8;11;27;32;36
21/06/2019;01 04 19 21 23 39;1;4;19;21;23;39
19/06/2019;02 04 11 15 35 40;2;4;11;15;35;40
16/06/2019;06 07 19 29 31 36;6;7;19;29;31;36
14/06/2019;02 12 16 36 37 45;2;12;16;36;37;45
12/06/2019;10 11 21 23 26 37;10;11;21;23;26;37
09/06/2019;02 06 22 25 35 36;2;6;22;25;35;36
07/06/2019;11 13 15 26 27 41;11;13;15;26;27;41
05/06/2019;04 08 22 25 37 39;4;8;22;25;37;39
02/06/2019;02 05 12 35 41 43;2;5;12;35;41;43
31/05/2019;05 06 07 12 23 30;5;6;7;12;23;30
29/05/2019;12 18 19 27 35 42;12;18;19;27;35;42
26/05/2019;11 12 14 23 29 32;11;12;14;23;29;32
24/05/2019;02 03 31 33 35 40;2;3;31;33;35;40
22/05/2019;01 13 16 22 23 35;1;13;16;22;23;35
19/05/2019;02 11 19 27 30 42;2;11;19;27;30;42
17/05/2019;06 16 18 29 39 43;6;16;18;29;39;43
15/05/2019;17 28 29 33 34 35;17;28;29;33;34;35
12/05/2019;01 08 13 17 21 43;1;8;13;17;21;43
10/05/2019;05 23 25 30 35 38;5;23;25;30;35;38
08/05/2019;01 07 08 31 34 45;1;7;8;31;34;45
05/05/2019;13 27 30 38 39 41;13;27;30;38;39;41
03/05/2019;01 06 14 31 35 44;1;6;14;31;35;44
01/05/2019;18 23 24 27 33 41;18;23;24;27;33;41
28/04/2019;04 24 28 30 33 43;4;24;28;30;33;43
26/04/2019;01 02 14 15 16 30;1;2;14;15;16;30
24/04/2019;04 07 12 13 20 45;4;7;12;13;20;45
21/04/2019;08 11 13 20 41 43;8;11;13;20;41;43
19/04/2019;01 04 05 12 17 21;1;4;5;12;17;21
17/04/2019;07 11 21 25 30 44;7;11;21;25;30;44
14/04/2019;04 13 20 34 35 37;4;13;20;34;35;37
12/04/2019;03 12 15 16 17 44;3;12;15;16;17;44
10/04/2019;07 11 14 30 35 42;7;11;14;30;35;42
07/04/2019;08 10 26 28 32 34;8;10;26;28;32;34
05/04/2019;02 07 25 36 38 43;2;7;25;36;38;43
03/04/2019;04 11 18 33 34 45;4;11;18;33;34;45
31/03/2019;03 05 19 28 31 38;3;5;19;28;31;38
29/03/2019;02 19 26 27 30 37;2;19;26;27;30;37
27/03/2019;09 12 22 24 30 42;9;12;22;24;30;42
24/03/2019;05 17 21 27 34 40;5;17;21;27;34;40
22/03/2019;01 03 06 13 18 41;1;3;6;13;18;41
20/03/2019;02 07 17 24 29 37;2;7;17;24;29;37
17/03/2019;05 06 16 18 24 42;5;6;16;18;24;42
15/03/2019;05 10 15 19 38 42;5;10;15;19;38;42
13/03/2019;05 16 24 26 34 44;5;16;24;26;34;44
10/03/2019;05 24 31 32 42 45;5;24;31;32;42;45
08/03/2019;04 14 20 27 32 43;4;14;20;27;32;43
06/03/2019;02 07 14 24 40 41;2;7;14;24;40;41
03/03/2019;01 13 17 20 30 45;1;13;17;20;30;45
01/03/2019;15 23 29 31 38 43;15;23;29;31;38;43
27/02/2019;05 12 15 16 25 35;5;12;15;16;25;35
24/02/2019;01 07 13 23 32 42;1;7;13;23;32;42
22/02/2019;07 10 18 25 44 45;7;10;18;25;44;45
20/02/2019;01 10 15 24 37 45;1;10;15;24;37;45
17/02/2019;11 12 14 25 29 31;11;12;14;25;29;31
15/02/2019;03 22 26 27 30 44;3;22;26;27;30;44
13/02/2019;05 11 18 33 37 41;5;11;18;33;37;41
10/02/2019;01 11 17 25 29 35;1;11;17;25;29;35
08/02/2019;11 12 33 36 39 43;11;12;33;36;39;43
06/02/2019;22 24 25 30 33 38;22;24;25;30;33;38
03/02/2019;01 02 05 09 23 24;1;2;5;9;23;24
01/02/2019;03 04 06 38 39 43;3;4;6;38;39;43
30/01/2019;01 04 06 13 37 41;1;4;6;13;37;41
27/01/2019;09 11 12 22 27 29;9;11;12;22;27;29
25/01/2019;11 13 14 22 30 38;11;13;14;22;30;38
23/01/2019;02 09 13 29 33 40;2;9;13;29;33;40
20/01/2019;08 16 21 31 35 38;8;16;21;31;35;38
18/01/2019;12 15 19 38 40 45;12;15;19;38;40;45
16/01/2019;01 08 14 24 31 40;1;8;14;24;31;40
13/01/2019;01 20 21 23 26 33;1;20;21;23;26;33
11/01/2019;19 21 22 23 25 44;19;21;22;23;25;44
09/01/2019;17 27 28 30 33 41;17;27;28;30;33;41
06/01/2019;09 22 33 34 35 44;9;22;33;34;35;44
04/01/2019;01 08 14 16 19 22;1;8;14;16;19;22
02/01/2019;04 14 32 35 36 40;4;14;32;35;36;40
30/12/2018;10 19 31 35 42 44;10;19;31;35;42;44
28/12/2018;03 22 24 25 31 37;3;22;24;25;31;37
26/12/2018;21 28 34 35 41 44;21;28;34;35;41;44
23/12/2018;01 03 10 11 16 44;1;3;10;11;16;44
21/12/2018;01 07 16 27 29 34;1;7;16;27;29;34
19/12/2018;02 10 11 32 40 44;2;10;11;32;40;44
16/12/2018;01 14 22 26 35 42;1;14;22;26;35;42
14/12/2018;07 16 20 26 30 34;7;16;20;26;30;34
12/12/2018;01 03 11 15 27 30;1;3;11;15;27;30
09/12/2018;06 08 26 34 40 41;6;8;26;34;40;41
07/12/2018;01 06 07 22 31 39;1;6;7;22;31;39
05/12/2018;07 28 29 39 42 45;7;28;29;39;42;45
02/12/2018;02 04 12 23 37 45;2;4;12;23;37;45
30/11/2018;11 18 23 25 28 35;11;18;23;25;28;35
28/11/2018;08 13 20 21 25 28;8;13;20;21;25;28
25/11/2018;03 05 11 18 24 29;3;5;11;18;24;29
23/11/2018;08 10 12 21 25 40;8;10;12;21;25;40
21/11/2018;07 09 16 19 24 33;7;9;16;19;24;33
18/11/2018;06 27 28 30 37 44;6;27;28;30;37;44
16/11/2018;04 12 18 21 25 41;4;12;18;21;25;41
14/11/2018;12 14 24 26 30 40;12;14;24;26;30;40
11/11/2018;20 23 26 27 32 34;20;23;26;27;32;34
09/11/2018;06 18 28 32 34 35;6;18;28;32;34;35
07/11/2018;06 18 22 25 31 37;6;18;22;25;31;37
04/11/2018;07 12 13 17 25 30;7;12;13;17;25;30
02/11/2018;04 06 11 18 24 25;4;6;11;18;24;25
31/10/2018;17 22 26 30 33 35;17;22;26;30;33;35
28/10/2018;09 18 19 20 31 45;9;18;19;20;31;45
26/10/2018;02 18 31 33 36 41;2;18;31;33;36;41
24/10/2018;06 26 34 35 39 42;6;26;34;35;39;42
21/10/2018;06 22 24 28 30 37;6;22;24;28;30;37
19/10/2018;02 14 30 38 39 45;2;14;30;38;39;45
17/10/2018;01 12 14 36 39 43;1;12;14;36;39;43
14/10/2018;07 08 09 34 40 43;7;8;9;34;40;43
12/10/2018;11 12 20 26 28 42;11;12;20;26;28;42
10/10/2018;18 19 22 28 41 42;18;19;22;28;41;42
07/10/2018;14 18 31 34 39 44;14;18;31;34;39;44
05/10/2018;04 12 17 29 35 44;4;12;17;29;35;44
03/10/2018;06 12 19 21 25 45;6;12;19;21;25;45
30/09/2018;01 20 24 36 43 45;1;20;24;36;43;45
28/09/2018;02 06 11 13 15 38;2;6;11;13;15;38
26/09/2018;12 19 27 39 42 45;12;19;27;39;42;45
23/09/2018;18 27 32 35 41 44;18;27;32;35;41;44
21/09/2018;01 03 11 14 23 29;1;3;11;14;23;29
19/09/2018;10 20 22 24 27 42;10;20;22;24;27;42
16/09/2018;03 13 17 18 23 34;3;13;17;18;23;34
14/09/2018;12 16 17 18 26 34;12;16;17;18;26;34
12/09/2018;11 12 13 16 29 31;11;12;13;16;29;31
09/09/2018;08 14 18 21 44 45;8;14;18;21;44;45
07/09/2018;08 10 11 28 42 45;8;10;11;28;42;45
05/09/2018;05 06 22 27 34 37;5;6;22;27;34;37
02/09/2018;10 12 13 22 26 40;10;12;13;22;26;40
31/08/2018;11 19 30 36 38 40;11;19;30;36;38;40
29/08/2018;16 17 24 28 30 36;16;17;24;28;30;36
26/08/2018;01 03 11 12 22 36;1;3;11;12;22;36
24/08/2018;03 22 25 29 33 40;3;22;25;29;33;40
22/08/2018;15 17 18 33 34 44;15;17;18;33;34;44
19/08/2018;16 18 28 36 37 45;16;18;28;36;37;45
17/08/2018;03 08 22 28 33 42;3;8;22;28;33;42
15/08/2018;12 24 25 33 40 44;12;24;25;33;40;44
12/08/2018;05 16 17 28 31 38;5;16;17;28;31;38
10/08/2018;18 22 24 29 41 45;18;22;24;29;41;45
08/08/2018;19 34 37 39 41 44;19;34;37;39;41;44
05/08/2018;07 10 18 31 39 43;7;10;18;31;39;43
03/08/2018;03 08 10 24 27 28;3;8;10;24;27;28
01/08/2018;05 06 29 30 37 38;5;6;29;30;37;38
29/07/2018;26 31 32 37 43 45;26;31;32;37;43;45
27/07/2018;02 21 32 37 38 42;2;21;32;37;38;42
25/07/2018;09 16 18 38 41 45;9;16;18;38;41;45
22/07/2018;08 09 24 27 40 45;8;9;24;27;40;45
20/07/2018;13 14 16 19 20 23;13;14;16;19;20;23
18/07/2018;08 10 14 19 26 34;8;10;14;19;26;34
15/07/2018;07 15 20 29 31 38;7;15;20;29;31;38
13/07/2018;03 08 09 25 27 28;3;8;9;25;27;28
11/07/2018;12 26 28 29 39 43;12;26;28;29;39;43
08/07/2018;02 07 08 10 28 44;2;7;8;10;28;44
06/07/2018;22 26 33 34 38 42;22;26;33;34;38;42
04/07/2018;02 03 27 28 34 43;2;3;27;28;34;43
01/07/2018;04 07 15 28 34 37;4;7;15;28;34;37
29/06/2018;06 18 22 24 36 39;6;18;22;24;36;39
27/06/2018;25 27 29 33 37 38;25;27;29;33;37;38
24/06/2018;06 08 23 32 33 41;6;8;23;32;33;41
22/06/2018;15 19 20 26 34 39;15;19;20;26;34;39
20/06/2018;02 18 22 30 32 43;2;18;22;30;32;43
17/06/2018;03 05 06 07 34 40;3;5;6;7;34;40
15/06/2018;08 11 13 23 24 28;8;11;13;23;24;28
13/06/2018;02 04 17 24 31 40;2;4;17;24;31;40
10/06/2018;22 25 35 36 38 39;22;25;35;36;38;39
08/06/2018;04 13 32 35 40 42;4;13;32;35;40;42
06/06/2018;06 20 22 26 43 44;6;20;22;26;43;44
03/06/2018;18 20 24 40 42 45;18;20;24;40;42;45
01/06/2018;06 14 19 38 43 44;6;14;19;38;43;44
30/05/2018;02 17 19 27 31 36;2;17;19;27;31;36
27/05/2018;05 09 17 18 19 22;5;9;17;18;19;22
25/05/2018;05 14 22 26 29 39;5;14;22;26;29;39
23/05/2018;13 16 25 34 37 41;13;16;25;34;37;41
20/05/2018;18 19 25 26 29 39;18;19;25;26;29;39
18/05/2018;03 18 24 29 30 35;3;18;24;29;30;35
16/05/2018;10 21 23 25 35 38;10;21;23;25;35;38
13/05/2018;06 11 16 18 27 41;6;11;16;18;27;41
11/05/2018;10 11 26 29 33 38;10;11;26;29;33;38
09/05/2018;09 15 20 30 31 33;9;15;20;30;31;33
06/05/2018;11 26 28 34 36 37;11;26;28;34;36;37
04/05/2018;09 18 25 26 27 29;9;18;25;26;27;29
02/05/2018;10 11 22 29 37 40;10;11;22;29;37;40
29/04/2018;03 10 22 23 25 43;3;10;22;23;25;43
27/04/2018;10 20 24 27 28 29;10;20;24;27;28;29
25/04/2018;04 15 17 23 29 43;4;15;17;23;29;43
22/04/2018;06 07 22 32 36 39;6;7;22;32;36;39
20/04/2018;06 09 14 30 33 42;6;9;14;30;33;42
18/04/2018;06 16 28 29 39 44;6;16;28;29;39;44
15/04/2018;03 09 13 20 30 34;3;9;13;20;30;34
13/04/2018;11 22 24 33 38 43;11;22;24;33;38;43
11/04/2018;07 20 23 25 26 39;7;20;23;25;26;39
08/04/2018;02 05 11 16 30 34;2;5;11;16;30;34
06/04/2018;01 07 08 09 36 40;1;7;8;9;36;40
04/04/2018;02 03 06 16 41 44;2;3;6;16;41;44
01/04/2018;04 12 24 33 39 43;4;12;24;33;39;43
30/03/2018;07 11 18 28 34 43;7;11;18;28;34;43
28/03/2018;12 18 31 34 35 42;12;18;31;34;35;42
25/03/2018;04 10 13 22 38 42;4;10;13;22;38;42
23/03/2018;03 06 12 22 26 35;3;6;12;22;26;35
21/03/2018;06 19 38 40 41 44;6;19;38;40;41;44
18/03/2018;14 21 24 28 31 40;14;21;24;28;31;40
16/03/2018;06 08 13 17 20 34;6;8;13;17;20;34
14/03/2018;12 21 23 27 31 34;12;21;23;27;31;34
11/03/2018;01 14 19 26 41 42;1;14;19;26;41;42
09/03/2018;05 10 13 19 25 44;5;10;13;19;25;44
07/03/2018;08 19 25 31 37 40;8;19;25;31;37;40
04/03/2018;04 11 19 25 32 40;4;11;19;25;32;40
02/03/2018;03 07 15 27 41 45;3;7;15;27;41;45
28/02/2018;17 19 21 23 36 40;17;19;21;23;36;40
25/02/2018;08 10 12 29 30 42;8;10;12;29;30;42
23/02/2018;05 16 19 23 29 37;5;16;19;23;29;37
21/02/2018;18 23 24 26 29 33;18;23;24;26;29;33
18/02/2018;01 05 14 16 36 38;1;5;14;16;36;38
14/02/2018;12 31 32 34 35 43;12;31;32;34;35;43
11/02/2018;05 19 27 32 41 45;5;19;27;32;41;45
09/02/2018;02 10 14 19 23 37;2;10;14;19;23;37
07/02/2018;05 07 18 26 30 36;5;7;18;26;30;36
04/02/2018;01 05 13 27 40 45;1;5;13;27;40;45
02/02/2018;02 07 14 28 42 45;2;7;14;28;42;45
31/01/2018;04 07 09 10 30 40;4;7;9;10;30;40
28/01/2018;12 26 27 33 36 37;12;26;27;33;36;37
26/01/2018;01 09 18 28 36 44;1;9;18;28;36;44
24/01/2018;05 06 24 33 42 45;5;6;24;33;42;45
21/01/2018;01 10 11 24 32 37;1;10;11;24;32;37
19/01/2018;02 04 27 28 31 36;2;4;27;28;31;36
17/01/2018;09 10 12 22 27 41;9;10;12;22;27;41
14/01/2018;01 06 10 29 32 41;1;6;10;29;32;41
12/01/2018;04 08 17 23 27 34;4;8;17;23;27;34
10/01/2018;06 18 21 22 37 45;6;18;21;22;37;45
07/01/2018;04 06 11 13 24 31;4;6;11;13;24;31
05/01/2018;19 30 34 38 42 44;19;30;34;38;42;44
03/01/2018;08 14 19 30 33 35;8;14;19;30;33;35
31/12/2017;03 13 14 26 30 34;3;13;14;26;30;34
29/12/2017;02 08 17 20 29 39;2;8;17;20;29;39
27/12/2017;09 13 19 21 27 30;9;13;19;21;27;30
24/12/2017;01 05 09 14 30 31;1;5;9;14;30;31
22/12/2017;09 13 17 22 26 33;9;13;17;22;26;33
20/12/2017;03 08 25 37 40 42;3;8;25;37;40;42
17/12/2017;04 07 16 27 40 41;4;7;16;27;40;41
15/12/2017;13 14 17 24 28 43;13;14;17;24;28;43
13/12/2017;04 07 19 24 32 38;4;7;19;24;32;38
10/12/2017;27 36 39 43 44 45;27;36;39;43;44;45
08/12/2017;02 11 15 32 40 44;2;11;15;32;40;44
06/12/2017;03 07 29 31 34 43;3;7;29;31;34;43
03/12/2017;08 09 15 18 27 30;8;9;15;18;27;30
01/12/2017;10 19 30 35 39 45;10;19;30;35;39;45
29/11/2017;19 23 26 37 38 41;19;23;26;37;38;41
26/11/2017;04 12 17 19 23 34;4;12;17;19;23;34
24/11/2017;14 24 32 34 36 45;14;24;32;34;36;45
22/11/2017;05 06 09 23 27 35;5;6;9;23;27;35
19/11/2017;14 20 30 33 41 43;14;20;30;33;41;43
17/11/2017;11 13 18 19 31 45;11;13;18;19;31;45
15/11/2017;01 09 15 27 33 43;1;9;15;27;33;43
12/11/2017;22 26 37 40 42 44;22;26;37;40;42;44
10/11/2017;01 04 19 21 24 35;1;4;19;21;24;35
08/11/2017;01 18 23 24 40 41;1;18;23;24;40;41
05/11/2017;03 17 38 39 41 44;3;17;38;39;41;44
03/11/2017;07 17 20 22 29 44;7;17;20;22;29;44
01/11/2017;04 12 25 39 42 44;4;12;25;39;42;44
29/10/2017;01 05 28 31 44 45;1;5;28;31;44;45
27/10/2017;04 10 13 21 22 38;4;10;13;21;22;38
25/10/2017;12 17 23 25 34 38;12;17;23;25;34;38
22/10/2017;08 14 16 17 31 42;8;14;16;17;31;42
20/10/2017;02 18 25 33 36 42;2;18;25;33;36;42
18/10/2017;16 24 32 36 37 40;16;24;32;36;37;40
15/10/2017;02 09 14 21 35 40;2;9;14;21;35;40
13/10/2017;10 13 20 21 25 36;10;13;20;21;25;36
11/10/2017;04 11 14 15 19 26;4;11;14;15;19;26
08/10/2017;08 16 24 27 35 39;8;16;24;27;35;39
06/10/2017;04 06 18 20 30 45;4;6;18;20;30;45
04/10/2017;04 05 09 19 37 44;4;5;9;19;37;44
01/10/2017;08 23 27 36 37 43;8;23;27;36;37;43
29/09/2017;23 28 30 35 37 42;23;28;30;35;37;42
27/09/2017;10 19 33 34 35 45;10;19;33;34;35;45
24/09/2017;04 10 11 31 36 39;4;10;11;31;36;39
22/09/2017;05 16 21 31 37 41;5;16;21;31;37;41
20/09/2017;05 07 13 17 23 33;5;7;13;17;23;33
17/09/2017;06 11 15 16 37 40;6;11;15;16;37;40
15/09/2017;03 24 35 37 40 43;3;24;35;37;40;43
13/09/2017;03 08 19 35 38 40;3;8;19;35;38;40
10/09/2017;01 22 23 35 36 42;1;22;23;35;36;42
08/09/2017;02 15 17 32 41 44;2;15;17;32;41;44
06/09/2017;05 20 24 32 36 42;5;20;24;32;36;42
03/09/2017;05 06 26 28 35 43;5;6;26;28;35;43
01/09/2017;09 10 13 19 23 41;9;10;13;19;23;41
30/08/2017;05 08 11 28 35 41;5;8;11;28;35;41
27/08/2017;03 07 16 32 36 39;3;7;16;32;36;39
25/08/2017;02 07 12 27 40 44;2;7;12;27;40;44
23/08/2017;06 25 27 34 42 43;6;25;27;34;42;43
20/08/2017;05 15 18 21 37 45;5;15;18;21;37;45
18/08/2017;03 04 18 22 34 37;3;4;18;22;34;37
16/08/2017;06 11 15 19 22 41;6;11;15;19;22;41
13/08/2017;01 03 06 07 16 18;1;3;6;7;16;18
11/08/2017;01 12 19 35 36 41;1;12;19;35;36;41
09/08/2017;11 19 22 24 25 31;11;19;22;24;25;31
06/08/2017;02 09 10 11 21 43;2;9;10;11;21;43
04/08/2017;03 12 13 23 26 37;3;12;13;23;26;37
02/08/2017;07 10 17 26 28 43;7;10;17;26;28;43
30/07/2017;08 17 24 35 41 44;8;17;24;35;41;44
28/07/2017;01 04 09 26 35 39;1;4;9;26;35;39
26/07/2017;09 26 27 30 40 44;9;26;27;30;40;44
23/07/2017;07 09 13 21 28 39;7;9;13;21;28;39
21/07/2017;05 06 09 15 19 32;5;6;9;15;19;32
19/07/2017;04 07 13 20 35 44;4;7;13;20;35;44
16/07/2017;02 10 27 29 37 39;2;10;27;29;37;39
14/07/2017;02 13 19 24 25 33;2;13;19;24;25;33
12/07/2017;05 09 14 15 26 42;5;9;14;15;26;42
09/07/2017;01 09 14 18 25 28;1;9;14;18;25;28
07/07/2017;04 19 22 30 34 35;4;19;22;30;34;35
05/07/2017;01 04 16 31 37 40;1;4;16;31;37;40
02/07/2017;01 05 07 16 19 44;1;5;7;16;19;44
30/06/2017;01 07 10 38 40 42;1;7;10;38;40;42
28/06/2017;02 06 21 28 39 40;2;6;21;28;39;40
25/06/2017;03 14 33 38 42 44;3;14;33;38;42;44
23/06/2017;09 10 21 37 40 42;9;10;21;37;40;42
21/06/2017;09 26 29 30 35 37;9;26;29;30;35;37
18/06/2017;02 08 12 14 16 26;2;8;12;14;16;26
16/06/2017;06 10 17 21 27 38;6;10;17;21;27;38
14/06/2017;05 08 15 25 31 35;5;8;15;25;31;35
11/06/2017;05 06 11 14 32 33;5;6;11;14;32;33
09/06/2017;07 15 19 24 32 42;7;15;19;24;32;42
07/06/2017;05 06 13 29 35 44;5;6;13;29;35;44
04/06/2017;01 09 23 32 34 35;1;9;23;32;34;35
02/06/2017;05 13 16 32 39 41;5;13;16;32;39;41
31/05/2017;07 13 16 30 37 44;7;13;16;30;37;44
28/05/2017;02 07 17 24 31 44;2;7;17;24;31;44
26/05/2017;06 08 25 39 40 45;6;8;25;39;40;45
24/05/2017;08 20 25 27 30 33;8;20;25;27;30;33
21/05/2017;11 14 17 22 27 42;11;14;17;22;27;42
19/05/2017;01 08 18 28 30 33;1;8;18;28;30;33
17/05/2017;07 08 11 18 23 42;7;8;11;18;23;42
14/05/2017;13 15 17 21 25 40;13;15;17;21;25;40
12/05/2017;01 27 35 42 43 45;1;27;35;42;43;45
10/05/2017;07 17 21 29 40 44;7;17;21;29;40;44
07/05/2017;01 07 28 32 44 45;1;7;28;32;44;45
05/05/2017;04 09 12 32 36 43;4;9;12;32;36;43
03/05/2017;03 19 20 21 25 45;3;19;20;21;25;45
30/04/2017;02 06 08 11 12 25;2;6;8;11;12;25
28/04/2017;02 09 11 12 15 23;2;9;11;12;15;23
26/04/2017;14 16 17 20 35 39;14;16;17;20;35;39
23/04/2017;13 17 22 30 31 43;13;17;22;30;31;43
21/04/2017;07 08 15 30 32 39;7;8;15;30;32;39
19/04/2017;19 20 32 33 38 44;19;20;32;33;38;44
16/04/2017;06 07 18 29 32 44;6;7;18;29;32;44
14/04/2017;04 05 10 33 36 38;4;5;10;33;36;38
12/04/2017;02 03 08 13 19 41;2;3;8;13;19;41
09/04/2017;05 08 21 25 26 37;5;8;21;25;26;37
07/04/2017;04 05 16 17 32 40;4;5;16;17;32;40
05/04/2017;13 14 20 21 23 33;13;14;20;21;23;33
02/04/2017;03 05 07 12 27 33;3;5;7;12;27;33
31/03/2017;01 04 05 11 20 30;1;4;5;11;20;30
29/03/2017;04 05 24 26 28 37;4;5;24;26;28;37
26/03/2017;06 12 23 25 29 43;6;12;23;25;29;43
24/03/2017;10 14 30 32 37 42;10;14;30;32;37;42
22/03/2017;01 09 24 28 33 36;1;9;24;28;33;36
19/03/2017;01 02 06 12 31 36;1;2;6;12;31;36
17/03/2017;07 12 24 43 44 45;7;12;24;43;44;45
15/03/2017;03 09 10 31 32 40;3;9;10;31;32;40
12/03/2017;06 11 30 32 35 42;6;11;30;32;35;42
10/03/2017;04 09 21 27 38 44;4;9;21;27;38;44
08/03/2017;05 11 14 20 32 42;5;11;14;20;32;42
05/03/2017;18 21 24 26 39 45;18;21;24;26;39;45
03/03/2017;02 04 13 22 23 41;2;4;13;22;23;41
01/03/2017;03 04 26 30 35 44;3;4;26;30;35;44
26/02/2017;07 11 16 19 38 39;7;11;16;19;38;39
24/02/2017;02 04 19 23 44 45;2;4;19;23;44;45
22/02/2017;01 03 08 18 28 42;1;3;8;18;28;42
19/02/2017;01 17 24 25 33 35;1;17;24;25;33;35
17/02/2017;12 15 25 27 37 41;12;15;25;27;37;41
15/02/2017;04 16 19 27 29 30;4;16;19;27;29;30
12/02/2017;04 06 12 21 23 28;4;6;12;21;23;28
10/02/2017;02 06 10 13 20 28;2;6;10;13;20;28
08/02/2017;15 26 29 32 34 38;15;26;29;32;34;38
05/02/2017;01 11 26 29 34 40;1;11;26;29;34;40
03/02/2017;08 17 31 32 33 39;8;17;31;32;33;39
01/02/2017;02 10 11 18 22 33;2;10;11;18;22;33
29/01/2017;05 13 21 27 29 45;5;13;21;27;29;45
25/01/2017;06 09 14 18 28 30;6;9;14;18;28;30
22/01/2017;01 20 21 22 26 29;1;20;21;22;26;29
20/01/2017;01 11 31 32 34 37;1;11;31;32;34;37
18/01/2017;11 22 26 28 35 43;11;22;26;28;35;43
15/01/2017;05 25 27 29 31 43;5;25;27;29;31;43
13/01/2017;12 24 29 32 37 39;12;24;29;32;37;39
11/01/2017;02 08 21 29 37 45;2;8;21;29;37;45
08/01/2017;12 18 29 32 39 45;12;18;29;32;39;45
06/01/2017;22 30 34 36 43 45;22;30;34;36;43;45
04/01/2017;04 19 25 27 29 31;4;19;25;27;29;31
01/01/2017;09 18 24 33 36 39;9;18;24;33;36;39
30/12/2016;07 23 27 29 35 37;7;23;27;29;35;37
28/12/2016;02 22 25 33 38 43;2;22;25;33;38;43
25/12/2016;05 12 20 29 34 36;5;12;20;29;34;36
23/12/2016;01 17 24 25 37 43;1;17;24;25;37;43
21/12/2016;03 06 12 14 18 40;3;6;12;14;18;40
18/12/2016;03 07 30 32 41 43;3;7;30;32;41;43
16/12/2016;05 08 33 34 39 44;5;8;33;34;39;44
14/12/2016;05 06 12 16 26 30;5;6;12;16;26;30
11/12/2016;02 03 04 05 22 24;2;3;4;5;22;24
09/12/2016;11 12 15 17 21 26;11;12;15;17;21;26
07/12/2016;13 23 27 28 32 45;13;23;27;28;32;45
04/12/2016;03 05 13 27 38 44;3;5;13;27;38;44
02/12/2016;17 26 33 34 37 42;17;26;33;34;37;42
30/11/2016;06 15 17 20 23 41;6;15;17;20;23;41
27/11/2016;12 16 17 18 22 30;12;16;17;18;22;30
25/11/2016;03 04 25 31 37 40;3;4;25;31;37;40
23/11/2016;02 22 23 24 28 37;2;22;23;24;28;37
20/11/2016;09 23 33 38 41 42;9;23;33;38;41;42
18/11/2016;11 12 16 24 26 31;11;12;16;24;26;31
16/11/2016;01 09 17 28 43 44;1;9;17;28;43;44
13/11/2016;11 23 25 34 36 45;11;23;25;34;36;45
11/11/2016;10 17 22 23 30 36;10;17;22;23;30;36
09/11/2016;02 10 14 24 25 30;2;10;14;24;25;30
06/11/2016;04 15 16 20 26 41;4;15;16;20;26;41
04/11/2016;05 13 22 24 28 32;5;13;22;24;28;32
02/11/2016;03 05 08 10 13 22;3;5;8;10;13;22
30/10/2016;07 12 25 28 40 44;7;12;25;28;40;44
28/10/2016;10 11 13 14 16 38;10;11;13;14;16;38
26/10/2016;01 08 16 18 21 28;1;8;16;18;21;28
23/10/2016;02 05 12 21 22 40;2;5;12;21;22;40
21/10/2016;16 17 30 32 34 38;16;17;30;32;34;38
19/10/2016;02 13 15 17 18 41;2;13;15;17;18;41
16/10/2016;05 21 31 33 38 42;5;21;31;33;38;42
14/10/2016;03 07 09 18 28 39;3;7;9;18;28;39
12/10/2016;02 08 15 16 19 25;2;8;15;16;19;25
09/10/2016;02 15 20 32 33 44;2;15;20;32;33;44
07/10/2016;24 25 27 34 44 45;24;25;27;34;44;45
05/10/2016;05 06 19 31 42 44;5;6;19;31;42;44
02/10/2016;16 23 27 34 35 38;16;23;27;34;35;38
30/09/2016;06 20 30 38 40 45;6;20;30;38;40;45
28/09/2016;03 06 17 21 32 40;3;6;17;21;32;40
25/09/2016;01 20 28 32 42 44;1;20;28;32;42;44
23/09/2016;08 14 19 29 30 40;8;14;19;29;30;40
21/09/2016;05 12 15 30 37 41;5;12;15;30;37;41
18/09/2016;07 10 17 20 25 32;7;10;17;20;25;32
16/09/2016;04 05 06 23 31 34;4;5;6;23;31;34
14/09/2016;02 11 14 23 25 32;2;11;14;23;25;32
11/09/2016;06 09 10 18 20 31;6;9;10;18;20;31
09/09/2016;07 13 16 18 31 32;7;13;16;18;31;32
07/09/2016;06 08 12 13 15 19;6;8;12;13;15;19
04/09/2016;11 15 20 24 27 45;11;15;20;24;27;45
02/09/2016;09 13 24 35 36 41;9;13;24;35;36;41
31/08/2016;08 20 21 31 34 39;8;20;21;31;34;39
28/08/2016;04 06 10 15 16 44;4;6;10;15;16;44
26/08/2016;10 36 39 43 44 45;10;36;39;43;44;45
24/08/2016;08 17 21 23 36 40;8;17;21;23;36;40
21/08/2016;13 21 24 25 29 44;13;21;24;25;29;44
19/08/2016;11 12 17 33 34 36;11;12;17;33;34;36
17/08/2016;02 04 09 19 21 26;2;4;9;19;21;26
14/08/2016;13 16 17 29 31 37;13;16;17;29;31;37
12/08/2016;28 31 34 37 38 41;28;31;34;37;38;41
10/08/2016;06 15 16 19 27 30;6;15;16;19;27;30
07/08/2016;03 05 17 22 30 31;3;5;17;22;30;31
05/08/2016;03 09 13 18 24 31;3;9;13;18;24;31
03/08/2016;07 10 25 27 29 40;7;10;25;27;29;40
31/07/2016;02 06 19 21 35 39;2;6;19;21;35;39
29/07/2016;03 08 13 20 30 36;3;8;13;20;30;36
27/07/2016;14 17 21 25 31 37;14;17;21;25;31;37
24/07/2016;01 10 16 18 23 38;1;10;16;18;23;38
22/07/2016;03 04 14 20 25 35;3;4;14;20;25;35
20/07/2016;02 17 33 37 38 45;2;17;33;37;38;45
